[{
  "_id": {
    "$oid": "6386b6716659514a1ca29475"
  },
  "date": {
    "$date": {
      "$numberLong": "1669772913847"
    }
  },
  "service_provider": "Good Guys Electric",
  "customer": "jim",
  "service": "electrical",
  "rating": 4,
  "review_text": "Good quality service",
  "response": "Thank you for the review",
  "__v": 0
},{
  "_id": {
    "$oid": "6386c4736659514a1ca29570"
  },
  "date": {
    "$date": {
      "$numberLong": "1669776499600"
    }
  },
  "service_provider": "Mattco Plumbing",
  "customer": "jim",
  "service": "plumbing",
  "rating": 4,
  "review_text": "Fixed the problem",
  "response": "Glad we could fix the problem",
  "__v": 0
},{
  "_id": {
    "$oid": "6386c4a16659514a1ca2966b"
  },
  "date": {
    "$date": {
      "$numberLong": "1669776545342"
    }
  },
  "service_provider": "Fine Painting",
  "customer": "jim",
  "service": "painting",
  "rating": 5,
  "review_text": "Good service at a good price",
  "response": "",
  "__v": 0
},{
  "_id": {
    "$oid": "6386c4ec6659514a1ca29765"
  },
  "date": {
    "$date": {
      "$numberLong": "1669776620222"
    }
  },
  "service_provider": "Sims and Sons Electric and Plumbing",
  "customer": "jim",
  "service": "electrical",
  "rating": 3,
  "review_text": "Decent service",
  "response": "",
  "__v": 0
},{
  "_id": {
    "$oid": "6386c5076659514a1ca29860"
  },
  "date": {
    "$date": {
      "$numberLong": "1669776647888"
    }
  },
  "service_provider": "RLG Landscaping",
  "customer": "jim",
  "service": "landscaping",
  "rating": 4,
  "review_text": "Everything looks good",
  "response": "",
  "__v": 0
},{
  "_id": {
    "$oid": "6386c5476659514a1ca2995b"
  },
  "date": {
    "$date": {
      "$numberLong": "1669776711921"
    }
  },
  "service_provider": "Ever's Roofing",
  "customer": "jim",
  "service": "roofing",
  "rating": 4,
  "review_text": "Got the work done quickly",
  "response": "Thank you",
  "__v": 0
},{
  "_id": {
    "$oid": "6386c8156659514a1ca2a7ec"
  },
  "date": {
    "$date": {
      "$numberLong": "1669777429841"
    }
  },
  "service_provider": "Nonstop Locksmith",
  "customer": "bob",
  "service": "locksmith",
  "rating": 5,
  "review_text": "Very helpful",
  "response": "Glad we could help",
  "__v": 0
},{
  "_id": {
    "$oid": "6386c82b6659514a1ca2a904"
  },
  "date": {
    "$date": {
      "$numberLong": "1669777451424"
    }
  },
  "service_provider": "The Red Carpet Cleaning",
  "customer": "bob",
  "service": "carpet_cleaning",
  "rating": 4,
  "review_text": "Carpets are very clean",
  "response": "",
  "__v": 0
},{
  "_id": {
    "$oid": "6386c8cd6659514a1ca2aa1c"
  },
  "date": {
    "$date": {
      "$numberLong": "1669777613660"
    }
  },
  "service_provider": "Lakeview Heating and Cooling",
  "customer": "bob",
  "service": "hvac",
  "rating": 4,
  "review_text": "AC and heat are working well",
  "response": "Thank you for the review",
  "__v": 0
},{
  "_id": {
    "$oid": "6386c8f06659514a1ca2ab34"
  },
  "date": {
    "$date": {
      "$numberLong": "1669777648785"
    }
  },
  "service_provider": "Shield Masonry & Roofing",
  "customer": "bob",
  "service": "masonry_concrete",
  "rating": 5,
  "review_text": "High quality work",
  "response": "",
  "__v": 0
},{
  "_id": {
    "$oid": "6386c92b6659514a1ca2ac4c"
  },
  "date": {
    "$date": {
      "$numberLong": "1669777707404"
    }
  },
  "service_provider": "Mr Carpet Shop At Home",
  "customer": "bob",
  "service": "flooring",
  "rating": 4,
  "review_text": "Happy with the flooring they installed",
  "response": "",
  "__v": 0
},{
  "_id": {
    "$oid": "6386c96f6659514a1ca2ad64"
  },
  "date": {
    "$date": {
      "$numberLong": "1669777775833"
    }
  },
  "service_provider": "Alex Electrical",
  "customer": "bob",
  "service": "electrical",
  "rating": 2,
  "review_text": "I am having some electrical issues",
  "response": "Please let us know what the issue is",
  "__v": 0
},{
  "_id": {
    "$oid": "6386cbd96659514a1ca2cbe3"
  },
  "date": {
    "$date": {
      "$numberLong": "1669778393302"
    }
  },
  "service_provider": "Good Plumbing",
  "customer": "sue",
  "service": "plumbing",
  "rating": 4,
  "review_text": "Solved the problem",
  "response": "",
  "__v": 0
},{
  "_id": {
    "$oid": "6386cbfc6659514a1ca2ccea"
  },
  "date": {
    "$date": {
      "$numberLong": "1669778428730"
    }
  },
  "service_provider": "Windy Painters Chicago",
  "customer": "sue",
  "service": "painting",
  "rating": 5,
  "review_text": "Walls look beautiful",
  "response": "Glad you like our work",
  "__v": 0
},{
  "_id": {
    "$oid": "6386cc356659514a1ca2cdf1"
  },
  "date": {
    "$date": {
      "$numberLong": "1669778485082"
    }
  },
  "service_provider": "Himsben Design Studio",
  "customer": "sue",
  "service": "landscaping",
  "rating": 5,
  "review_text": "Good attention to detail",
  "response": "",
  "__v": 0
},{
  "_id": {
    "$oid": "6386cc496659514a1ca2cef8"
  },
  "date": {
    "$date": {
      "$numberLong": "1669778505899"
    }
  },
  "service_provider": "KG Doors & Gates",
  "customer": "sue",
  "service": "garage_door_services",
  "rating": 4,
  "review_text": "Garage door works well now",
  "response": "",
  "__v": 0
},{
  "_id": {
    "$oid": "6386cd176659514a1ca2d104"
  },
  "date": {
    "$date": {
      "$numberLong": "1669778711355"
    }
  },
  "service_provider": "Nombach Roofing & Tuckpointing",
  "customer": "sue",
  "service": "gutter_services",
  "rating": 4,
  "review_text": "Gutters are working well",
  "response": "",
  "__v": 0
},{
  "_id": {
    "$oid": "6386cd2e6659514a1ca2d20b"
  },
  "date": {
    "$date": {
      "$numberLong": "1669778734780"
    }
  },
  "service_provider": "Jesus Ortega",
  "customer": "sue",
  "service": "housecleaning",
  "rating": 5,
  "review_text": "House has never been so clean",
  "response": "We appreciate your review",
  "__v": 0
},{
  "_id": {
    "$oid": "6386cec96659514a1ca2ec23"
  },
  "date": {
    "$date": {
      "$numberLong": "1669779145257"
    }
  },
  "service_provider": "Sims and Sons Electric and Plumbing",
  "customer": "joe",
  "service": "electrical",
  "rating": 4,
  "review_text": "Good service at a good price",
  "response": "",
  "__v": 0
},{
  "_id": {
    "$oid": "6386cee36659514a1ca2ed20"
  },
  "date": {
    "$date": {
      "$numberLong": "1669779171753"
    }
  },
  "service_provider": "Leahy Heating & Cooling",
  "customer": "joe",
  "service": "hvac",
  "rating": 3,
  "review_text": "House not staying very warm",
  "response": "",
  "__v": 0
},{
  "_id": {
    "$oid": "6386cf5c6659514a1ca2ee1d"
  },
  "date": {
    "$date": {
      "$numberLong": "1669779292074"
    }
  },
  "service_provider": "SN Cleaning Carpet & Upholstery Cleaning",
  "customer": "joe",
  "service": "carpet_cleaning",
  "rating": 4,
  "review_text": "Carpets are almost like new",
  "response": "",
  "__v": 0
},{
  "_id": {
    "$oid": "6386cf8f6659514a1ca2ef1a"
  },
  "date": {
    "$date": {
      "$numberLong": "1669779343561"
    }
  },
  "service_provider": "Perez Roofing & Masonry",
  "customer": "joe",
  "service": "roofing",
  "rating": 4,
  "review_text": "Roof is holding up when we get strong winds",
  "response": "Thank you. We appreciate referrals ",
  "__v": 0
},{
  "_id": {
    "$oid": "6386cfe26659514a1ca2f017"
  },
  "date": {
    "$date": {
      "$numberLong": "1669779426236"
    }
  },
  "service_provider": "Drain Ninja",
  "customer": "joe",
  "service": "plumbing",
  "rating": 4,
  "review_text": "Their service is top notch",
  "response": "Thank you",
  "__v": 0
},{
  "_id": {
    "$oid": "6386d0156659514a1ca2f114"
  },
  "date": {
    "$date": {
      "$numberLong": "1669779477781"
    }
  },
  "service_provider": "Good Guys Electric",
  "customer": "joe",
  "service": "electrical",
  "rating": 4,
  "review_text": "Fixed our electrical issues",
  "response": "",
  "__v": 0
},{
  "_id": {
    "$oid": "6386d1d56659514a1ca328cf"
  },
  "date": {
    "$date": {
      "$numberLong": "1669779925359"
    }
  },
  "service_provider": "ET Locksmith",
  "customer": "jill",
  "service": "locksmith",
  "rating": 5,
  "review_text": "Very helpful when I lost my key",
  "response": "",
  "__v": 0
},{
  "_id": {
    "$oid": "6386d1ee6659514a1ca329ed"
  },
  "date": {
    "$date": {
      "$numberLong": "1669779950391"
    }
  },
  "service_provider": "Good Plumbing",
  "customer": "jill",
  "service": "plumbing",
  "rating": 4,
  "review_text": "They are good as their name says",
  "response": "Thank you",
  "__v": 0
},{
  "_id": {
    "$oid": "6386d23a6659514a1ca32b0b"
  },
  "date": {
    "$date": {
      "$numberLong": "1669780026330"
    }
  },
  "service_provider": "KG Doors & Gates",
  "customer": "jill",
  "service": "fences_gates",
  "rating": 4,
  "review_text": "Fence looks nice",
  "response": "Glad you like it",
  "__v": 0
},{
  "_id": {
    "$oid": "6386d2996659514a1ca32c29"
  },
  "date": {
    "$date": {
      "$numberLong": "1669780121418"
    }
  },
  "service_provider": "Leahy Heating & Cooling",
  "customer": "jill",
  "service": "hvac",
  "rating": 5,
  "review_text": "House is a comfortable temperature now",
  "response": "",
  "__v": 0
},{
  "_id": {
    "$oid": "6386d2be6659514a1ca32d47"
  },
  "date": {
    "$date": {
      "$numberLong": "1669780158404"
    }
  },
  "service_provider": "Fine Painting",
  "customer": "jill",
  "service": "painting",
  "rating": 4,
  "review_text": "Would recommend ",
  "response": "",
  "__v": 0
},{
  "_id": {
    "$oid": "6386d2f66659514a1ca32e65"
  },
  "date": {
    "$date": {
      "$numberLong": "1669780214624"
    }
  },
  "service_provider": "Good Guys Electric",
  "customer": "jill",
  "service": "electrical",
  "rating": 4,
  "review_text": "Good service",
  "response": "",
  "__v": 0
}]