[{
  "_id": {
    "$oid": "6383ed888d77258682fa7c53"
  },
  "id": "WoKVVxxJNo54Ls4u1qhvTA",
  "alias": "good-guys-electric-chicago",
  "name": "Good Guys Electric",
  "image_url": "https://s3-media4.fl.yelpcdn.com/bphoto/3X_bEUzjkpxwTMy3IIsgnA/o.jpg",
  "is_closed": false,
  "url": "https://www.yelp.com/biz/good-guys-electric-chicago?adjust_creative=ZV9JWrw3sQqD-WK9Y-4OGw&utm_campaign=yelp_api_v3&utm_medium=api_v3_business_search&utm_source=ZV9JWrw3sQqD-WK9Y-4OGw",
  "review_count": 9,
  "categories": [
    {
      "alias": "electricians",
      "title": "Electricians"
    }
  ],
  "rating": 5,
  "coordinates": {
    "latitude": 41.92429604705641,
    "longitude": -87.69502225587023
  },
  "transactions": [],
  "location": {
    "address1": "2024 N Hamlin Ave",
    "address2": null,
    "address3": null,
    "city": "Chicago",
    "zip_code": "60647",
    "country": "US",
    "state": "IL",
    "display_address": [
      "Chicago, IL 60647"
    ]
  },
  "phone": "+18728086846",
  "display_phone": "(872) 808-6846",
  "distance": 5338.808422401011
},{
  "_id": {
    "$oid": "6383ed888d77258682fa7c54"
  },
  "id": "ADUN7o34JpH1P4laG9ZXmh",
  "alias": "alex-electrical",
  "name": "Alex Electrical",
  "image_url": "https://s3-media2.fl.yelpcdn.com/bphoto/rT3lwfspFR7Yt_41JUUAHw/o.jpg",
  "is_closed": false,
  "url": "https://www.yelp.com/biz/gros-electric-inc-lincolnwood-3?adjust_creative=ZV9JWrw3sQqD-WK9Y-4OGw&utm_campaign=yelp_api_v3&utm_medium=api_v3_business_search&utm_source=ZV9JWrw3sQqD-WK9Y-4OGw",
  "review_count": 4,
  "categories": [
    {
      "alias": "electricians",
      "title": "Electricians"
    }
  ],
  "rating": 4,
  "coordinates": {
    "latitude": 41.83193,
    "longitude": -87.64954
  },
  "transactions": [],
  "location": {
    "address1": "922 W 34th Pl",
    "address2": null,
    "address3": null,
    "city": "Chicago",
    "zip_code": "60608",
    "country": "US",
    "state": "IL",
    "display_address": [
      "Chicago, IL 60608"
    ]
  },
  "phone": "+17733622668",
  "display_phone": "7733622668",
  "distance": 15954.971180877406
},{
  "_id": {
    "$oid": "6383ed888d77258682fa7c55"
  },
  "id": "ADUN7o34JpH1P4laG9ZXmi",
  "alias": "sims-and-sons-electric-and-plumbing",
  "name": "Sims and Sons Electric and Plumbing",
  "image_url": "https://s3-media2.fl.yelpcdn.com/bphoto/rT3lwfspFR7Yt_41JUUAHw/o.jpg",
  "is_closed": false,
  "url": "https://www.yelp.com/biz/gros-electric-inc-lincolnwood-3?adjust_creative=ZV9JWrw3sQqD-WK9Y-4OGw&utm_campaign=yelp_api_v3&utm_medium=api_v3_business_search&utm_source=ZV9JWrw3sQqD-WK9Y-4OGw",
  "review_count": 217,
  "categories": [
    {
      "alias": "electricians",
      "title": "Electricians"
    }
  ],
  "rating": 4.9,
  "coordinates": {
    "latitude": 41.94639,
    "longitude": -87.66318
  },
  "transactions": [],
  "location": {
    "address1": "1338 W Eddy St",
    "address2": null,
    "address3": null,
    "city": "Chicago",
    "zip_code": "60657",
    "country": "US",
    "state": "IL",
    "display_address": [
      "Chicago, IL 60657"
    ]
  },
  "phone": "+13122821170",
  "display_phone": "3122821170",
  "distance": 15954.971180877406
},{
  "_id": {
    "$oid": "6383ed888d77258682fa7c56"
  },
  "id": "ADUN7o34JpH1P4laG9ZXmj",
  "alias": "fix-it-people-chicago",
  "name": "Fix It People Chicago",
  "image_url": "https://s3-media2.fl.yelpcdn.com/bphoto/rT3lwfspFR7Yt_41JUUAHw/o.jpg",
  "is_closed": false,
  "url": "https://www.yelp.com/biz/gros-electric-inc-lincolnwood-3?adjust_creative=ZV9JWrw3sQqD-WK9Y-4OGw&utm_campaign=yelp_api_v3&utm_medium=api_v3_business_search&utm_source=ZV9JWrw3sQqD-WK9Y-4OGw",
  "review_count": 358,
  "categories": [
    {
      "alias": "electricians",
      "title": "Electricians"
    }
  ],
  "rating": 4.7,
  "coordinates": {
    "latitude": 41.93392,
    "longitude": -87.64866
  },
  "transactions": [],
  "location": {
    "address1": "2837 North Halsted St",
    "address2": null,
    "address3": null,
    "city": "Chicago",
    "zip_code": "60657",
    "country": "US",
    "state": "IL",
    "display_address": [
      "Chicago, IL 60657"
    ]
  },
  "phone": "+13128989300",
  "display_phone": "3128989300",
  "distance": 15954.971180877406
},{
  "_id": {
    "$oid": "6383ed888d77258682fa7c57"
  },
  "id": "ADUN7o34JpH1P4laG9ZXmk",
  "alias": "highlights-chicago",
  "name": "Highlights Chicago",
  "image_url": "https://s3-media2.fl.yelpcdn.com/bphoto/rT3lwfspFR7Yt_41JUUAHw/o.jpg",
  "is_closed": false,
  "url": "https://www.yelp.com/biz/gros-electric-inc-lincolnwood-3?adjust_creative=ZV9JWrw3sQqD-WK9Y-4OGw&utm_campaign=yelp_api_v3&utm_medium=api_v3_business_search&utm_source=ZV9JWrw3sQqD-WK9Y-4OGw",
  "review_count": 230,
  "categories": [
    {
      "alias": "electricians",
      "title": "Electricians"
    }
  ],
  "rating": 4.9,
  "coordinates": {
    "latitude": 41.98611,
    "longitude": -87.70075
  },
  "transactions": [],
  "location": {
    "address1": "5766 N Lincoln Ave",
    "address2": null,
    "address3": null,
    "city": "Chicago",
    "zip_code": "60659",
    "country": "US",
    "state": "IL",
    "display_address": [
      "Chicago, IL 60659"
    ]
  },
  "phone": "+17732623333",
  "display_phone": "7732623333",
  "distance": 15954.971180877406
},{
  "_id": {
    "$oid": "6383ed888d77258682fa7c58"
  },
  "id": "-F4qsowFizs3EnEoUuXfqw",
  "alias": "jireh-plumbing-chicago-3",
  "name": "Jireh Plumbing",
  "image_url": "https://s3-media1.fl.yelpcdn.com/bphoto/Ajdpbv1Gumk6W4sYMVxRSA/o.jpg",
  "is_closed": false,
  "url": "https://www.yelp.com/biz/jireh-plumbing-chicago-3?adjust_creative=ZV9JWrw3sQqD-WK9Y-4OGw&utm_campaign=yelp_api_v3&utm_medium=api_v3_business_search&utm_source=ZV9JWrw3sQqD-WK9Y-4OGw",
  "review_count": 5,
  "categories": [
    {
      "alias": "plumbing",
      "title": "Plumbing"
    }
  ],
  "rating": 5,
  "coordinates": {
    "latitude": 41.894042022217775,
    "longitude": -87.6277979247307
  },
  "transactions": [],
  "location": {
    "address1": "1 E Erie St",
    "address2": "Suite 525",
    "address3": "",
    "city": "Chicago",
    "zip_code": "60611",
    "country": "US",
    "state": "IL",
    "display_address": [
      "1 E Erie St",
      "Suite 525",
      "Chicago, IL 60611"
    ]
  },
  "phone": "+17732998262",
  "display_phone": "(773) 299-8262",
  "distance": 1059.0803700557005
},{
  "_id": {
    "$oid": "6383ed888d77258682fa7c59"
  },
  "id": "pFSoarAGqbLtEiYLf7z6qg",
  "alias": "drain-ninja-chicago",
  "name": "Drain Ninja",
  "image_url": "https://s3-media2.fl.yelpcdn.com/bphoto/M0saA-1nd3fBEFERdG2XQg/o.jpg",
  "is_closed": false,
  "url": "https://www.yelp.com/biz/drain-ninja-chicago?adjust_creative=ZV9JWrw3sQqD-WK9Y-4OGw&utm_campaign=yelp_api_v3&utm_medium=api_v3_business_search&utm_source=ZV9JWrw3sQqD-WK9Y-4OGw",
  "review_count": 6,
  "categories": [
    {
      "alias": "plumbing",
      "title": "Plumbing"
    }
  ],
  "rating": 5,
  "coordinates": {
    "latitude": 41.8990821838379,
    "longitude": -87.6900863647461
  },
  "transactions": [],
  "location": {
    "address1": "2515 W Augusta Blvd",
    "address2": "",
    "address3": "",
    "city": "Chicago",
    "zip_code": "60622",
    "country": "US",
    "state": "IL",
    "display_address": [
      "2515 W Augusta Blvd",
      "Chicago, IL 60622"
    ]
  },
  "phone": "+16309361157",
  "display_phone": "(630) 936-1157",
  "distance": 2052.1109060955346
},{
  "_id": {
    "$oid": "6383ed888d77258682fa7c5a"
  },
  "id": "pFSoarAGqbLtEiYLf7z6qh",
  "alias": "first-chicago-plumbing",
  "name": "First Chicago Plumbing",
  "image_url": "https://s3-media2.fl.yelpcdn.com/bphoto/M0saA-1nd3fBEFERdG2XQg/o.jpg",
  "is_closed": false,
  "url": "https://www.yelp.com/biz/drain-ninja-chicago?adjust_creative=ZV9JWrw3sQqD-WK9Y-4OGw&utm_campaign=yelp_api_v3&utm_medium=api_v3_business_search&utm_source=ZV9JWrw3sQqD-WK9Y-4OGw",
  "review_count": 89,
  "categories": [
    {
      "alias": "plumbing",
      "title": "Plumbing"
    }
  ],
  "rating": 4.7,
  "coordinates": {
    "latitude": 41.958241,
    "longitude": -87.725349
  },
  "transactions": [],
  "location": {
    "address1": "4245 N Elston Ave",
    "address2": "",
    "address3": "",
    "city": "Chicago",
    "zip_code": "60618",
    "country": "US",
    "state": "IL",
    "display_address": [
      "Chicago, IL 60618"
    ]
  },
  "phone": "+17736617969",
  "display_phone": "7736617969",
  "distance": 2052.1109060955346
},{
  "_id": {
    "$oid": "6383ed888d77258682fa7c5b"
  },
  "id": "pFSoarAGqbLtEiYLf7z6qi",
  "alias": "mattco-plumbing",
  "name": "Mattco Plumbing",
  "image_url": "https://s3-media2.fl.yelpcdn.com/bphoto/M0saA-1nd3fBEFERdG2XQg/o.jpg",
  "is_closed": false,
  "url": "https://www.yelp.com/biz/drain-ninja-chicago?adjust_creative=ZV9JWrw3sQqD-WK9Y-4OGw&utm_campaign=yelp_api_v3&utm_medium=api_v3_business_search&utm_source=ZV9JWrw3sQqD-WK9Y-4OGw",
  "review_count": 17,
  "categories": [
    {
      "alias": "plumbing",
      "title": "Plumbing"
    }
  ],
  "rating": 4.5,
  "coordinates": {
    "latitude": 41.89769,
    "longitude": -87.65293
  },
  "transactions": [],
  "location": {
    "address1": "1024 W Fry St','Chicago",
    "address2": "",
    "address3": "",
    "city": "Chicago",
    "zip_code": "60642",
    "country": "US",
    "state": "IL",
    "display_address": [
      "Chicago, IL 60642"
    ]
  },
  "phone": "+17737669632",
  "display_phone": "7737669632",
  "distance": 2052.1109060955346
},{
  "_id": {
    "$oid": "6383ed888d77258682fa7c5c"
  },
  "id": "pFSoarAGqbLtEiYLf7z6qj",
  "alias": "good-plumbing",
  "name": "Good Plumbing",
  "image_url": "https://s3-media2.fl.yelpcdn.com/bphoto/M0saA-1nd3fBEFERdG2XQg/o.jpg",
  "is_closed": false,
  "url": "https://www.yelp.com/biz/drain-ninja-chicago?adjust_creative=ZV9JWrw3sQqD-WK9Y-4OGw&utm_campaign=yelp_api_v3&utm_medium=api_v3_business_search&utm_source=ZV9JWrw3sQqD-WK9Y-4OGw",
  "review_count": 101,
  "categories": [
    {
      "alias": "plumbing",
      "title": "Plumbing"
    }
  ],
  "rating": 3.9,
  "coordinates": {
    "latitude": 41.95556,
    "longitude": -87.67986
  },
  "transactions": [],
  "location": {
    "address1": "4064 N Lincoln Ave",
    "address2": "",
    "address3": "",
    "city": "Chicago",
    "zip_code": "60618",
    "country": "US",
    "state": "IL",
    "display_address": [
      "Chicago, IL 60622"
    ]
  },
  "phone": "+17738719000",
  "display_phone": "7738719000",
  "distance": 2052.1109060955346
},{
  "_id": {
    "$oid": "6383ed888d77258682fa7c5d"
  },
  "id": "p8lht6367eVo7AYMzPqSeg",
  "alias": "leahy-heating-and-cooling-evergreen-park-2",
  "name": "Leahy Heating & Cooling",
  "image_url": "https://s3-media4.fl.yelpcdn.com/bphoto/eC7im5HoeIh-VABT4G6sIw/o.jpg",
  "is_closed": false,
  "url": "https://www.yelp.com/biz/leahy-heating-and-cooling-evergreen-park-2?adjust_creative=ZV9JWrw3sQqD-WK9Y-4OGw&utm_campaign=yelp_api_v3&utm_medium=api_v3_business_search&utm_source=ZV9JWrw3sQqD-WK9Y-4OGw",
  "review_count": 6,
  "categories": [
    {
      "alias": "hvac",
      "title": "Heating & Air Conditioning/HVAC"
    }
  ],
  "rating": 5,
  "coordinates": {
    "latitude": 41.7276508,
    "longitude": -87.7020086
  },
  "transactions": [],
  "location": {
    "address1": "9115 S Kedzie Ave",
    "address2": null,
    "address3": "",
    "city": "Evergreen Park",
    "zip_code": "60805",
    "country": "US",
    "state": "IL",
    "display_address": [
      "9115 S Kedzie Ave",
      "Evergreen Park, IL 60805"
    ]
  },
  "phone": "+17084993800",
  "display_phone": "(708) 499-3800",
  "distance": 18658.56020229033
},{
  "_id": {
    "$oid": "6383ed888d77258682fa7c5e"
  },
  "id": "p8lht6367eVo7AYMzPqSeh",
  "alias": "comfort-zone-heating",
  "name": "Comfort Zone Heating",
  "image_url": "https://s3-media4.fl.yelpcdn.com/bphoto/eC7im5HoeIh-VABT4G6sIw/o.jpg",
  "is_closed": false,
  "url": "https://www.yelp.com/biz/leahy-heating-and-cooling-evergreen-park-2?adjust_creative=ZV9JWrw3sQqD-WK9Y-4OGw&utm_campaign=yelp_api_v3&utm_medium=api_v3_business_search&utm_source=ZV9JWrw3sQqD-WK9Y-4OGw",
  "review_count": 64,
  "categories": [
    {
      "alias": "hvac",
      "title": "Heating & Air Conditioning/HVAC"
    }
  ],
  "rating": 4.9,
  "coordinates": {
    "latitude": 41.93675,
    "longitude": -87.64796
  },
  "transactions": [],
  "location": {
    "address1": "3023 N Clark St",
    "address2": null,
    "address3": "",
    "city": "Chicago",
    "zip_code": "60657",
    "country": "US",
    "state": "IL",
    "display_address": [
      "Chicago, IL 60657"
    ]
  },
  "phone": "+17735458280",
  "display_phone": "7735458280",
  "distance": 18658.56020229033
},{
  "_id": {
    "$oid": "6383ed888d77258682fa7c5f"
  },
  "id": "p8lht6367eVo7AYMzPqSei",
  "alias": "ralph's-heating-and-air-conditioning",
  "name": "Ralph's Heating and Air Conditioning",
  "image_url": "https://s3-media4.fl.yelpcdn.com/bphoto/eC7im5HoeIh-VABT4G6sIw/o.jpg",
  "is_closed": false,
  "url": "https://www.yelp.com/biz/leahy-heating-and-cooling-evergreen-park-2?adjust_creative=ZV9JWrw3sQqD-WK9Y-4OGw&utm_campaign=yelp_api_v3&utm_medium=api_v3_business_search&utm_source=ZV9JWrw3sQqD-WK9Y-4OGw",
  "review_count": 17,
  "categories": [
    {
      "alias": "hvac",
      "title": "Heating & Air Conditioning/HVAC"
    }
  ],
  "rating": 4.1,
  "coordinates": {
    "latitude": 41.75211,
    "longitude": -87.55746
  },
  "transactions": [],
  "location": {
    "address1": "2714 E 79th St",
    "address2": null,
    "address3": "",
    "city": "Chicago",
    "zip_code": "60649",
    "country": "US",
    "state": "IL",
    "display_address": [
      "Chicago, IL 60649"
    ]
  },
  "phone": "+17733754600",
  "display_phone": "7733754600",
  "distance": 18658.56020229033
},{
  "_id": {
    "$oid": "6383ed888d77258682fa7c60"
  },
  "id": "p8lht6367eVo7AYMzPqSej",
  "alias": "lakeview-heating-and-cooling",
  "name": "Lakeview Heating and Cooling",
  "image_url": "https://s3-media4.fl.yelpcdn.com/bphoto/eC7im5HoeIh-VABT4G6sIw/o.jpg",
  "is_closed": false,
  "url": "https://www.yelp.com/biz/leahy-heating-and-cooling-evergreen-park-2?adjust_creative=ZV9JWrw3sQqD-WK9Y-4OGw&utm_campaign=yelp_api_v3&utm_medium=api_v3_business_search&utm_source=ZV9JWrw3sQqD-WK9Y-4OGw",
  "review_count": 189,
  "categories": [
    {
      "alias": "hvac",
      "title": "Heating & Air Conditioning/HVAC"
    }
  ],
  "rating": 4.4,
  "coordinates": {
    "latitude": 41.93997,
    "longitude": -87.66263
  },
  "transactions": [],
  "location": {
    "address1": "1336 W Belmont Ave",
    "address2": null,
    "address3": "",
    "city": "Chicago",
    "zip_code": "60657",
    "country": "US",
    "state": "IL",
    "display_address": [
      "Chicago, IL 60657"
    ]
  },
  "phone": "+17736986569",
  "display_phone": "7736986569",
  "distance": 18658.56020229033
},{
  "_id": {
    "$oid": "6383ed888d77258682fa7c61"
  },
  "id": "-1raglPdP-pFyu_cIaUIGg",
  "alias": "eco-painting-design-chicago",
  "name": "Eco Painting Design",
  "image_url": "https://s3-media2.fl.yelpcdn.com/bphoto/KPH3p0EqtOZlYk7LAL0xyw/o.jpg",
  "is_closed": false,
  "url": "https://www.yelp.com/biz/eco-painting-design-chicago?adjust_creative=ZV9JWrw3sQqD-WK9Y-4OGw&utm_campaign=yelp_api_v3&utm_medium=api_v3_business_search&utm_source=ZV9JWrw3sQqD-WK9Y-4OGw",
  "review_count": 6,
  "categories": [
    {
      "alias": "painters",
      "title": "Painters"
    },
    {
      "alias": "refinishing",
      "title": "Refinishing Services"
    },
    {
      "alias": "drywall",
      "title": "Drywall Installation & Repair"
    }
  ],
  "rating": 5,
  "coordinates": {
    "latitude": 41.947021484375,
    "longitude": -87.7468032836914
  },
  "transactions": [],
  "location": {
    "address1": "3421 N. Keating Ave",
    "address2": null,
    "address3": "",
    "city": "Chicago",
    "zip_code": "60641",
    "country": "US",
    "state": "IL",
    "display_address": [
      "Chicago, IL 60641"
    ]
  },
  "phone": "+13122172340",
  "display_phone": "(312) 217-2340",
  "distance": 12508.248130158203
},{
  "_id": {
    "$oid": "6383ed888d77258682fa7c62"
  },
  "id": "K2xiX8cwio8KkanzIIQLnQ",
  "alias": "fine-painting-chicago-3",
  "name": "Fine Painting",
  "image_url": "https://s3-media2.fl.yelpcdn.com/bphoto/A6oY2SwZDYwXP_vr1TJaKw/o.jpg",
  "is_closed": false,
  "url": "https://www.yelp.com/biz/fine-painting-chicago-3?adjust_creative=ZV9JWrw3sQqD-WK9Y-4OGw&utm_campaign=yelp_api_v3&utm_medium=api_v3_business_search&utm_source=ZV9JWrw3sQqD-WK9Y-4OGw",
  "review_count": 23,
  "categories": [
    {
      "alias": "painters",
      "title": "Painters"
    },
    {
      "alias": "wallpapering",
      "title": "Wallpapering"
    },
    {
      "alias": "drywall",
      "title": "Drywall Installation & Repair"
    }
  ],
  "rating": 5,
  "coordinates": {
    "latitude": 41.9102346,
    "longitude": -87.6814967
  },
  "transactions": [],
  "location": {
    "address1": "1212 N Ashland Ave",
    "address2": "",
    "address3": "",
    "city": "Chicago",
    "zip_code": "60622",
    "country": "US",
    "state": "IL",
    "display_address": [
      "1212 N Ashland Ave",
      "Chicago, IL 60622"
    ]
  },
  "phone": "+13126269278",
  "display_phone": "(312) 626-9278",
  "distance": 3899.2426920560356
},{
  "_id": {
    "$oid": "6383ed888d77258682fa7c63"
  },
  "id": "K2xiX8cwio8KkanzIIQLnR",
  "alias": "chicago-painters-inc",
  "name": "Chicago Painters Inc",
  "image_url": "https://s3-media2.fl.yelpcdn.com/bphoto/A6oY2SwZDYwXP_vr1TJaKw/o.jpg",
  "is_closed": false,
  "url": "https://www.yelp.com/biz/fine-painting-chicago-3?adjust_creative=ZV9JWrw3sQqD-WK9Y-4OGw&utm_campaign=yelp_api_v3&utm_medium=api_v3_business_search&utm_source=ZV9JWrw3sQqD-WK9Y-4OGw",
  "review_count": 303,
  "categories": [
    {
      "alias": "painters",
      "title": "Painters"
    }
  ],
  "rating": 4.8,
  "coordinates": {
    "latitude": 41.99535,
    "longitude": -87.71309
  },
  "transactions": [],
  "location": {
    "address1": "6263 N Mccormick Blvd",
    "address2": "",
    "address3": "",
    "city": "Chicago",
    "zip_code": "60659",
    "country": "US",
    "state": "IL",
    "display_address": [
      "Chicago, IL 60622"
    ]
  },
  "phone": "+17737898179",
  "display_phone": "7737898179",
  "distance": 3899.2426920560356
},{
  "_id": {
    "$oid": "6383ed888d77258682fa7c64"
  },
  "id": "K2xiX8cwio8KkanzIIQLnS",
  "alias": "windy-painters-chicago",
  "name": "Windy Painters Chicago",
  "image_url": "https://s3-media2.fl.yelpcdn.com/bphoto/A6oY2SwZDYwXP_vr1TJaKw/o.jpg",
  "is_closed": false,
  "url": "https://www.yelp.com/biz/fine-painting-chicago-3?adjust_creative=ZV9JWrw3sQqD-WK9Y-4OGw&utm_campaign=yelp_api_v3&utm_medium=api_v3_business_search&utm_source=ZV9JWrw3sQqD-WK9Y-4OGw",
  "review_count": 172,
  "categories": [
    {
      "alias": "painters",
      "title": "Painters"
    },
    {
      "alias": "drywall",
      "title": "Drywall Installation & Repair"
    }
  ],
  "rating": 4.8,
  "coordinates": {
    "latitude": 41.896546,
    "longitude": -87.67992
  },
  "transactions": [],
  "location": {
    "address1": "2101 W Rice St",
    "address2": "",
    "address3": "",
    "city": "Chicago",
    "zip_code": "60622",
    "country": "US",
    "state": "IL",
    "display_address": [
      "Chicago, IL 60622"
    ]
  },
  "phone": "+17738186331",
  "display_phone": "7738186331",
  "distance": 3899.2426920560356
},{
  "_id": {
    "$oid": "6383ed888d77258682fa7c65"
  },
  "id": "W2VveB4YhXJ7MjVlBRFMsQ",
  "alias": "jesus-ortega-chicago",
  "name": "Jesus Ortega",
  "image_url": "",
  "is_closed": false,
  "url": "https://www.yelp.com/biz/jesus-ortega-chicago?adjust_creative=ZV9JWrw3sQqD-WK9Y-4OGw&utm_campaign=yelp_api_v3&utm_medium=api_v3_business_search&utm_source=ZV9JWrw3sQqD-WK9Y-4OGw",
  "review_count": 6,
  "categories": [
    {
      "alias": "homecleaning",
      "title": "Home Cleaning"
    }
  ],
  "rating": 5,
  "coordinates": {
    "latitude": 41.899084,
    "longitude": -87.689749
  },
  "transactions": [],
  "location": {
    "address1": "2507 W Augusta Blvd",
    "address2": "",
    "address3": "",
    "city": "Chicago",
    "zip_code": "60622",
    "country": "US",
    "state": "IL",
    "display_address": [
      "2507 W Augusta Blvd",
      "Chicago, IL 60622"
    ]
  },
  "phone": "+17734869324",
  "display_phone": "(773) 486-9324",
  "distance": 2041.8690511916773
},{
  "_id": {
    "$oid": "6383ed888d77258682fa7c66"
  },
  "id": "oCv4I389YCyHnZJFSD4rRg",
  "alias": "master-cleanings-chicago",
  "name": "Master Cleanings",
  "image_url": "https://s3-media4.fl.yelpcdn.com/bphoto/kfG_PvSoreU7euPCQAl8xQ/o.jpg",
  "is_closed": false,
  "url": "https://www.yelp.com/biz/master-cleanings-chicago?adjust_creative=ZV9JWrw3sQqD-WK9Y-4OGw&utm_campaign=yelp_api_v3&utm_medium=api_v3_business_search&utm_source=ZV9JWrw3sQqD-WK9Y-4OGw",
  "review_count": 7,
  "categories": [
    {
      "alias": "homecleaning",
      "title": "Home Cleaning"
    },
    {
      "alias": "officecleaning",
      "title": "Office Cleaning"
    }
  ],
  "rating": 5,
  "coordinates": {
    "latitude": 41.9399694,
    "longitude": -87.7639226
  },
  "transactions": [],
  "location": {
    "address1": "3249 N Linder Ave",
    "address2": null,
    "address3": "",
    "city": "Chicago",
    "zip_code": "60641",
    "country": "US",
    "state": "IL",
    "display_address": [
      "3249 N Linder Ave",
      "Chicago, IL 60641"
    ]
  },
  "phone": "+17739800695",
  "display_phone": "(773) 980-0695",
  "distance": 9142.888110008547
},{
  "_id": {
    "$oid": "6383ed888d77258682fa7c67"
  },
  "id": "EmlTMcj7aqwu0N7OE6RbZw",
  "alias": "maids-to-help-chicago-4",
  "name": "Maids To Help",
  "image_url": "https://s3-media1.fl.yelpcdn.com/bphoto/Kf3Explz_4KTWiBeF0mRdw/o.jpg",
  "is_closed": false,
  "url": "https://www.yelp.com/biz/maids-to-help-chicago-4?adjust_creative=ZV9JWrw3sQqD-WK9Y-4OGw&utm_campaign=yelp_api_v3&utm_medium=api_v3_business_search&utm_source=ZV9JWrw3sQqD-WK9Y-4OGw",
  "review_count": 54,
  "categories": [
    {
      "alias": "officecleaning",
      "title": "Office Cleaning"
    },
    {
      "alias": "homecleaning",
      "title": "Home Cleaning"
    }
  ],
  "rating": 5,
  "coordinates": {
    "latitude": 41.895301,
    "longitude": -87.672952
  },
  "transactions": [],
  "location": {
    "address1": "1818 W Superior St",
    "address2": null,
    "address3": "",
    "city": "Chicago",
    "zip_code": "60622",
    "country": "US",
    "state": "IL",
    "display_address": [
      "1818 W Superior St",
      "Chicago, IL 60622"
    ]
  },
  "phone": "+13127720457",
  "display_phone": "(312) 772-0457",
  "distance": 2005.944628592839
},{
  "_id": {
    "$oid": "6383ed888d77258682fa7c68"
  },
  "id": "EmlTMcj7aqwu0N7OE6RbZx",
  "alias": "JC Licht Ace - South Loop",
  "name": "JC Licht Ace - South Loop",
  "image_url": "https://s3-media1.fl.yelpcdn.com/bphoto/Kf3Explz_4KTWiBeF0mRdw/o.jpg",
  "is_closed": false,
  "url": "https://www.yelp.com/biz/maids-to-help-chicago-4?adjust_creative=ZV9JWrw3sQqD-WK9Y-4OGw&utm_campaign=yelp_api_v3&utm_medium=api_v3_business_search&utm_source=ZV9JWrw3sQqD-WK9Y-4OGw",
  "review_count": 43,
  "categories": [
    {
      "alias": "hardwarestore",
      "title": "Hardware Store"
    }
  ],
  "rating": 4.1,
  "coordinates": {
    "latitude": 41.90194,
    "longitude": -87.62925
  },
  "transactions": [],
  "location": {
    "address1": "725 S State St",
    "address2": null,
    "address3": "",
    "city": "Chicago",
    "zip_code": "60605",
    "country": "US",
    "state": "IL",
    "display_address": [
      "Chicago, IL 60605"
    ]
  },
  "phone": "+13127876887",
  "display_phone": "3127876887",
  "distance": 2005.944628592839
},{
  "_id": {
    "$oid": "6383ed888d77258682fa7c69"
  },
  "id": "EmlTMcj7aqwu0N7OE6RbZy",
  "alias": "The Home Depot",
  "name": "The Home Depot",
  "image_url": "https://s3-media1.fl.yelpcdn.com/bphoto/Kf3Explz_4KTWiBeF0mRdw/o.jpg",
  "is_closed": false,
  "url": "https://www.yelp.com/biz/maids-to-help-chicago-4?adjust_creative=ZV9JWrw3sQqD-WK9Y-4OGw&utm_campaign=yelp_api_v3&utm_medium=api_v3_business_search&utm_source=ZV9JWrw3sQqD-WK9Y-4OGw",
  "review_count": 274,
  "categories": [
    {
      "alias": "hardwarestore",
      "title": "Hardware Store"
    }
  ],
  "rating": 2.9,
  "coordinates": {
    "latitude": 41.86569,
    "longitude": -87.64073
  },
  "transactions": [],
  "location": {
    "address1": "1300 S Clinton St",
    "address2": null,
    "address3": "",
    "city": "Chicago",
    "zip_code": "60607",
    "country": "US",
    "state": "IL",
    "display_address": [
      "Chicago, IL 60607"
    ]
  },
  "phone": "+17734869200",
  "display_phone": "7734869200",
  "distance": 2005.944628592839
},{
  "_id": {
    "$oid": "6383ed888d77258682fa7c6a"
  },
  "id": "EmlTMcj7aqwu0N7OE6RbZz",
  "alias": "JC Licht True Value West Loop",
  "name": "JC Licht True Value West Loop",
  "image_url": "https://s3-media1.fl.yelpcdn.com/bphoto/Kf3Explz_4KTWiBeF0mRdw/o.jpg",
  "is_closed": false,
  "url": "https://www.yelp.com/biz/maids-to-help-chicago-4?adjust_creative=ZV9JWrw3sQqD-WK9Y-4OGw&utm_campaign=yelp_api_v3&utm_medium=api_v3_business_search&utm_source=ZV9JWrw3sQqD-WK9Y-4OGw",
  "review_count": 42,
  "categories": [
    {
      "alias": "hardwarestore",
      "title": "Hardware Store"
    }
  ],
  "rating": 4.4,
  "coordinates": {
    "latitude": 41.88135,
    "longitude": -87.65099
  },
  "transactions": [],
  "location": {
    "address1": "18 S Sangamon St",
    "address2": null,
    "address3": "",
    "city": "Chicago",
    "zip_code": "60607",
    "country": "US",
    "state": "IL",
    "display_address": [
      "Chicago, IL 60607"
    ]
  },
  "phone": "+13127333200",
  "display_phone": "3127333200",
  "distance": 2005.944628592839
},{
  "_id": {
    "$oid": "6383ed888d77258682fa7c6b"
  },
  "id": "EmlTMcj7aqwu0N7OE6RbAa",
  "alias": "Windy City Hardware",
  "name": "Windy City Hardware",
  "image_url": "https://s3-media1.fl.yelpcdn.com/bphoto/Kf3Explz_4KTWiBeF0mRdw/o.jpg",
  "is_closed": false,
  "url": "https://www.yelp.com/biz/maids-to-help-chicago-4?adjust_creative=ZV9JWrw3sQqD-WK9Y-4OGw&utm_campaign=yelp_api_v3&utm_medium=api_v3_business_search&utm_source=ZV9JWrw3sQqD-WK9Y-4OGw",
  "review_count": 22,
  "categories": [
    {
      "alias": "hardwarestore",
      "title": "Hardware Store"
    }
  ],
  "rating": 4.2,
  "coordinates": {
    "latitude": 41.88135,
    "longitude": -87.64632
  },
  "transactions": [],
  "location": {
    "address1": "3316 S Halsted St",
    "address2": null,
    "address3": "",
    "city": "Chicago",
    "zip_code": "60608",
    "country": "US",
    "state": "IL",
    "display_address": [
      "Chicago, IL 60608"
    ]
  },
  "phone": "+17738433580",
  "display_phone": "7738433580",
  "distance": 2005.944628592839
},{
  "_id": {
    "$oid": "6383ed888d77258682fa7c6c"
  },
  "id": "EmlTMcj7aqwu0N7OE6RbAb",
  "alias": "Elston Ace Hardware #3120",
  "name": "Elston Ace Hardware #3120",
  "image_url": "https://s3-media1.fl.yelpcdn.com/bphoto/Kf3Explz_4KTWiBeF0mRdw/o.jpg",
  "is_closed": false,
  "url": "https://www.yelp.com/biz/maids-to-help-chicago-4?adjust_creative=ZV9JWrw3sQqD-WK9Y-4OGw&utm_campaign=yelp_api_v3&utm_medium=api_v3_business_search&utm_source=ZV9JWrw3sQqD-WK9Y-4OGw",
  "review_count": 43,
  "categories": [
    {
      "alias": "hardwarestore",
      "title": "Hardware Store"
    }
  ],
  "rating": 3.4,
  "coordinates": {
    "latitude": 41.88135,
    "longitude": -87.58742
  },
  "transactions": [],
  "location": {
    "address1": "5422 S Lake Park Ave",
    "address2": null,
    "address3": "",
    "city": "Chicago",
    "zip_code": "60615",
    "country": "US",
    "state": "IL",
    "display_address": [
      "Chicago, IL 60615"
    ]
  },
  "phone": "+17732416300",
  "display_phone": "7732416300",
  "distance": 2005.944628592839
},{
  "_id": {
    "$oid": "6383ed888d77258682fa7c6d"
  },
  "id": "EmlTMcj7aqwu0N7OE6RbAc",
  "alias": "Chiarugi Hardware",
  "name": "Chiarugi Hardware",
  "image_url": "https://s3-media1.fl.yelpcdn.com/bphoto/Kf3Explz_4KTWiBeF0mRdw/o.jpg",
  "is_closed": false,
  "url": "https://www.yelp.com/biz/maids-to-help-chicago-4?adjust_creative=ZV9JWrw3sQqD-WK9Y-4OGw&utm_campaign=yelp_api_v3&utm_medium=api_v3_business_search&utm_source=ZV9JWrw3sQqD-WK9Y-4OGw",
  "review_count": 47,
  "categories": [
    {
      "alias": "hardwarestore",
      "title": "Hardware Store"
    }
  ],
  "rating": 4.9,
  "coordinates": {
    "latitude": 41.86953,
    "longitude": -87.66226
  },
  "transactions": [],
  "location": {
    "address1": "1412 W Taylor St",
    "address2": null,
    "address3": "",
    "city": "Chicago",
    "zip_code": "60607",
    "country": "US",
    "state": "IL",
    "display_address": [
      "Chicago, IL 60607"
    ]
  },
  "phone": "+13126662235",
  "display_phone": "3126662235",
  "distance": 2005.944628592839
},{
  "_id": {
    "$oid": "6383ed888d77258682fa7c6e"
  },
  "id": "EmlTMcj7aqwu0N7OE6RbAd",
  "alias": "JC Licht Ace - Gold Coast",
  "name": "JC Licht Ace - Gold Coast",
  "image_url": "https://s3-media1.fl.yelpcdn.com/bphoto/Kf3Explz_4KTWiBeF0mRdw/o.jpg",
  "is_closed": false,
  "url": "https://www.yelp.com/biz/maids-to-help-chicago-4?adjust_creative=ZV9JWrw3sQqD-WK9Y-4OGw&utm_campaign=yelp_api_v3&utm_medium=api_v3_business_search&utm_source=ZV9JWrw3sQqD-WK9Y-4OGw",
  "review_count": 1,
  "categories": [
    {
      "alias": "hardwarestore",
      "title": "Hardware Store"
    }
  ],
  "rating": 5,
  "coordinates": {
    "latitude": 41.90194,
    "longitude": -87.62925
  },
  "transactions": [],
  "location": {
    "address1": "24 W Maple St",
    "address2": null,
    "address3": "",
    "city": "Chicago",
    "zip_code": "60610",
    "country": "US",
    "state": "IL",
    "display_address": [
      "Chicago, IL 60610"
    ]
  },
  "phone": "+13127876887",
  "display_phone": "3127876887",
  "distance": 2005.944628592839
},{
  "_id": {
    "$oid": "6383ed888d77258682fa7c6f"
  },
  "id": "EmlTMcj7aqwu0N7OE6RbAe",
  "alias": "Alvarez Hardware",
  "name": "Alvarez Hardware",
  "image_url": "https://s3-media1.fl.yelpcdn.com/bphoto/Kf3Explz_4KTWiBeF0mRdw/o.jpg",
  "is_closed": false,
  "url": "https://www.yelp.com/biz/maids-to-help-chicago-4?adjust_creative=ZV9JWrw3sQqD-WK9Y-4OGw&utm_campaign=yelp_api_v3&utm_medium=api_v3_business_search&utm_source=ZV9JWrw3sQqD-WK9Y-4OGw",
  "review_count": 7,
  "categories": [
    {
      "alias": "hardwarestore",
      "title": "Hardware Store"
    }
  ],
  "rating": 4.7,
  "coordinates": {
    "latitude": 41.85769,
    "longitude": -87.6598
  },
  "transactions": [],
  "location": {
    "address1": "1323 W 18th St",
    "address2": null,
    "address3": "",
    "city": "Chicago",
    "zip_code": "60608",
    "country": "US",
    "state": "IL",
    "display_address": [
      "Chicago, IL 60608"
    ]
  },
  "phone": "+13127333567",
  "display_phone": "3127333567",
  "distance": 2005.944628592839
},{
  "_id": {
    "$oid": "6383ed888d77258682fa7c70"
  },
  "id": "EmlTMcj7aqwu0N7OE6RbAf",
  "alias": "JC Licht Ace - Bridgeport",
  "name": "JC Licht Ace - Bridgeport",
  "image_url": "https://s3-media1.fl.yelpcdn.com/bphoto/Kf3Explz_4KTWiBeF0mRdw/o.jpg",
  "is_closed": false,
  "url": "https://www.yelp.com/biz/maids-to-help-chicago-4?adjust_creative=ZV9JWrw3sQqD-WK9Y-4OGw&utm_campaign=yelp_api_v3&utm_medium=api_v3_business_search&utm_source=ZV9JWrw3sQqD-WK9Y-4OGw",
  "review_count": 13,
  "categories": [
    {
      "alias": "hardwarestore",
      "title": "Hardware Store"
    }
  ],
  "rating": 3.5,
  "coordinates": {
    "latitude": 41.83628,
    "longitude": -87.66399
  },
  "transactions": [],
  "location": {
    "address1": "3145 S Ashland Ave",
    "address2": null,
    "address3": "",
    "city": "Chicago",
    "zip_code": "60608",
    "country": "US",
    "state": "IL",
    "display_address": [
      "Chicago, IL 60608"
    ]
  },
  "phone": "+17735238888",
  "display_phone": "7735238888",
  "distance": 2005.944628592839
},{
  "_id": {
    "$oid": "6383ed888d77258682fa7c71"
  },
  "id": "hpOEdgS0WuvT0a_hCUTcrw",
  "alias": "chicago-flooring-innovations-chicago",
  "name": "Chicago Flooring Innovations",
  "image_url": "https://s3-media2.fl.yelpcdn.com/bphoto/MyOC4zUj8BZi2boIZpeAyA/o.jpg",
  "is_closed": false,
  "url": "https://www.yelp.com/biz/chicago-flooring-innovations-chicago?adjust_creative=ZV9JWrw3sQqD-WK9Y-4OGw&utm_campaign=yelp_api_v3&utm_medium=api_v3_business_search&utm_source=ZV9JWrw3sQqD-WK9Y-4OGw",
  "review_count": 31,
  "categories": [
    {
      "alias": "flooring",
      "title": "Flooring"
    }
  ],
  "rating": 5,
  "coordinates": {
    "latitude": 41.8911631,
    "longitude": -87.6246866
  },
  "transactions": [],
  "location": {
    "address1": "500 N Michigan Ave",
    "address2": "Ste 600",
    "address3": "",
    "city": "Chicago",
    "zip_code": "60611",
    "country": "US",
    "state": "IL",
    "display_address": [
      "500 N Michigan Ave",
      "Ste 600",
      "Chicago, IL 60611"
    ]
  },
  "phone": "+18472416373",
  "display_phone": "(847) 241-6373",
  "distance": 947.2761121921727
},{
  "_id": {
    "$oid": "6383ed888d77258682fa7c72"
  },
  "id": "hpOEdgS0WuvT0a_hCUTcrx",
  "alias": "rovin's-hardwood-flooring",
  "name": "Rovin's Hardwood Flooring",
  "image_url": "https://s3-media2.fl.yelpcdn.com/bphoto/MyOC4zUj8BZi2boIZpeAyA/o.jpg",
  "is_closed": false,
  "url": "https://www.yelp.com/biz/chicago-flooring-innovations-chicago?adjust_creative=ZV9JWrw3sQqD-WK9Y-4OGw&utm_campaign=yelp_api_v3&utm_medium=api_v3_business_search&utm_source=ZV9JWrw3sQqD-WK9Y-4OGw",
  "review_count": 149,
  "categories": [
    {
      "alias": "flooring",
      "title": "Flooring"
    }
  ],
  "rating": 4.7,
  "coordinates": {
    "latitude": 41.95363,
    "longitude": -87.70891
  },
  "transactions": [],
  "location": {
    "address1": "3221 W Irving Park Rd",
    "address2": "",
    "address3": "",
    "city": "Chicago",
    "zip_code": "60618",
    "country": "US",
    "state": "IL",
    "display_address": [
      "Chicago, IL 60618"
    ]
  },
  "phone": "+17737041550",
  "display_phone": "7737041550",
  "distance": 947.2761121921727
},{
  "_id": {
    "$oid": "6383ed888d77258682fa7c73"
  },
  "id": "hpOEdgS0WuvT0a_hCUTcry",
  "alias": "Mr Carpet Shop At Home",
  "name": "Mr Carpet Shop At Home",
  "image_url": "https://s3-media2.fl.yelpcdn.com/bphoto/MyOC4zUj8BZi2boIZpeAyA/o.jpg",
  "is_closed": false,
  "url": "https://www.yelp.com/biz/chicago-flooring-innovations-chicago?adjust_creative=ZV9JWrw3sQqD-WK9Y-4OGw&utm_campaign=yelp_api_v3&utm_medium=api_v3_business_search&utm_source=ZV9JWrw3sQqD-WK9Y-4OGw",
  "review_count": 257,
  "categories": [
    {
      "alias": "flooring",
      "title": "Flooring"
    }
  ],
  "rating": 4.8,
  "coordinates": {
    "latitude": 41.95072,
    "longitude": -87.74204
  },
  "transactions": [],
  "location": {
    "address1": "3825 N Milwaukee Ave",
    "address2": "",
    "address3": "",
    "city": "Chicago",
    "zip_code": "60641",
    "country": "US",
    "state": "IL",
    "display_address": [
      "Chicago, IL 60641"
    ]
  },
  "phone": "+17739296000",
  "display_phone": "7739296000",
  "distance": 947.2761121921727
},{
  "_id": {
    "$oid": "6383ed888d77258682fa7c74"
  },
  "id": "fqse1kMRH4GOCGZAzXU8CQ",
  "alias": "the-red-carpet-cleaning-chicago",
  "name": "The Red Carpet Cleaning",
  "image_url": "https://s3-media2.fl.yelpcdn.com/bphoto/PspKc-1ETKn5nRzBBcYAyA/o.jpg",
  "is_closed": false,
  "url": "https://www.yelp.com/biz/the-red-carpet-cleaning-chicago?adjust_creative=ZV9JWrw3sQqD-WK9Y-4OGw&utm_campaign=yelp_api_v3&utm_medium=api_v3_business_search&utm_source=ZV9JWrw3sQqD-WK9Y-4OGw",
  "review_count": 29,
  "categories": [
    {
      "alias": "carpet_cleaning",
      "title": "Carpet Cleaning"
    },
    {
      "alias": "reupholstery",
      "title": "Furniture Reupholstery"
    },
    {
      "alias": "petwasteremoval",
      "title": "Pet Waste Removal"
    }
  ],
  "rating": 5,
  "coordinates": {
    "latitude": 41.80086,
    "longitude": -87.58892
  },
  "transactions": [],
  "location": {
    "address1": "4700 S Lakepark Ave",
    "address2": "",
    "address3": "",
    "city": "Chicago",
    "zip_code": "60615",
    "country": "US",
    "state": "IL",
    "display_address": [
      "Chicago, IL 60615"
    ]
  },
  "phone": "+17733288733",
  "display_phone": "(773) 328-8733",
  "distance": 12193.12951854775
},{
  "_id": {
    "$oid": "6383ed888d77258682fa7c75"
  },
  "id": "fqse1kMRH4GOCGZAzXU8CR",
  "alias": "SN Cleaning Carpet & Upholstery Cleaning",
  "name": "SN Cleaning Carpet & Upholstery Cleaning",
  "image_url": "https://s3-media2.fl.yelpcdn.com/bphoto/PspKc-1ETKn5nRzBBcYAyA/o.jpg",
  "is_closed": false,
  "url": "https://www.yelp.com/biz/the-red-carpet-cleaning-chicago?adjust_creative=ZV9JWrw3sQqD-WK9Y-4OGw&utm_campaign=yelp_api_v3&utm_medium=api_v3_business_search&utm_source=ZV9JWrw3sQqD-WK9Y-4OGw",
  "review_count": 403,
  "categories": [
    {
      "alias": "carpet_cleaning",
      "title": "Carpet Cleaning"
    },
    {
      "alias": "reupholstery",
      "title": "Furniture Reupholstery"
    },
    {
      "alias": "petwasteremoval",
      "title": "Pet Waste Removal"
    }
  ],
  "rating": 4.9,
  "coordinates": {
    "latitude": 41.75339,
    "longitude": -87.73032
  },
  "transactions": [],
  "location": {
    "address1": "4300 W Ford City Dr",
    "address2": "",
    "address3": "",
    "city": "Chicago",
    "zip_code": "60652",
    "country": "US",
    "state": "IL",
    "display_address": [
      "Chicago, IL 60652"
    ]
  },
  "phone": "+17087104767",
  "display_phone": "7087104767",
  "distance": 12193.12951854775
},{
  "_id": {
    "$oid": "6383ed888d77258682fa7c76"
  },
  "id": "fqse1kMRH4GOCGZAzXU8CS",
  "alias": "Windy City Carpet Cleaning",
  "name": "Windy City Carpet Cleaning",
  "image_url": "https://s3-media2.fl.yelpcdn.com/bphoto/PspKc-1ETKn5nRzBBcYAyA/o.jpg",
  "is_closed": false,
  "url": "https://www.yelp.com/biz/the-red-carpet-cleaning-chicago?adjust_creative=ZV9JWrw3sQqD-WK9Y-4OGw&utm_campaign=yelp_api_v3&utm_medium=api_v3_business_search&utm_source=ZV9JWrw3sQqD-WK9Y-4OGw",
  "review_count": 72,
  "categories": [
    {
      "alias": "carpet_cleaning",
      "title": "Carpet Cleaning"
    },
    {
      "alias": "reupholstery",
      "title": "Furniture Reupholstery"
    },
    {
      "alias": "petwasteremoval",
      "title": "Pet Waste Removal"
    }
  ],
  "rating": 4.9,
  "coordinates": {
    "latitude": 41.91686,
    "longitude": -87.65724
  },
  "transactions": [],
  "location": {
    "address1": "1953 N Clybourn Ave R133",
    "address2": "",
    "address3": "",
    "city": "Chicago",
    "zip_code": "60614",
    "country": "US",
    "state": "IL",
    "display_address": [
      "Chicago, IL 60614"
    ]
  },
  "phone": "+13124980498",
  "display_phone": "3124980498",
  "distance": 12193.12951854775
},{
  "_id": {
    "$oid": "6383ed888d77258682fa7c77"
  },
  "id": "6c9kd9XDwq_nhTCxtoIYzR",
  "alias": "Robert's Garage Door Professionals of Chicago",
  "name": "Robert's Garage Door Professionals of Chicago",
  "image_url": "https://s3-media2.fl.yelpcdn.com/bphoto/3zsXQ-y5vq6aYD0lHqckzQ/o.jpg",
  "is_closed": false,
  "url": "https://www.yelp.com/biz/o-connor-garage-door-villa-park-5?adjust_creative=ZV9JWrw3sQqD-WK9Y-4OGw&utm_campaign=yelp_api_v3&utm_medium=api_v3_business_search&utm_source=ZV9JWrw3sQqD-WK9Y-4OGw",
  "review_count": 605,
  "categories": [
    {
      "alias": "garage_door_services",
      "title": "Garage Door Services"
    }
  ],
  "rating": 4.8,
  "coordinates": {
    "latitude": 41.93636,
    "longitude": -87.64898
  },
  "transactions": [],
  "location": {
    "address1": "2961 N Halsted St",
    "address2": null,
    "address3": "",
    "city": "Chicago",
    "zip_code": "60657",
    "country": "US",
    "state": "IL",
    "display_address": [
      "Chicago, IL 60657"
    ]
  },
  "phone": "+13127022258",
  "display_phone": "3127022258",
  "distance": 30065.163319444386
},{
  "_id": {
    "$oid": "6383ed888d77258682fa7c78"
  },
  "id": "6c9kd9XDwq_nhTCxtoIYzS",
  "alias": "Nombach Roofing & Tuckpointing",
  "name": "Nombach Roofing & Tuckpointing",
  "image_url": "https://s3-media2.fl.yelpcdn.com/bphoto/3zsXQ-y5vq6aYD0lHqckzQ/o.jpg",
  "is_closed": false,
  "url": "https://www.yelp.com/biz/o-connor-garage-door-villa-park-5?adjust_creative=ZV9JWrw3sQqD-WK9Y-4OGw&utm_campaign=yelp_api_v3&utm_medium=api_v3_business_search&utm_source=ZV9JWrw3sQqD-WK9Y-4OGw",
  "review_count": 25,
  "categories": [
    {
      "alias": "gutter_services",
      "title": "Gutter Services"
    },
    {
      "alias": "roofing",
      "title": "Roofing"
    },
    {
      "alias": "masonry_concrete",
      "title": "Masonry/Concrete"
    }
  ],
  "rating": 4.4,
  "coordinates": {
    "latitude": 41.89682,
    "longitude": -87.65587
  },
  "transactions": [],
  "location": {
    "address1": "819 N Milwaukee Ave",
    "address2": null,
    "address3": "",
    "city": "Chicago",
    "zip_code": "60642",
    "country": "US",
    "state": "IL",
    "display_address": [
      "Chicago, IL 60642"
    ]
  },
  "phone": "+13314816858",
  "display_phone": "3314816858",
  "distance": 30065.163319444386
},{
  "_id": {
    "$oid": "6383ed888d77258682fa7c79"
  },
  "id": "6c9kd9XDwq_nhTCxtoIYzT",
  "alias": "Ever's Roofing",
  "name": "Ever's Roofing",
  "image_url": "https://s3-media2.fl.yelpcdn.com/bphoto/3zsXQ-y5vq6aYD0lHqckzQ/o.jpg",
  "is_closed": false,
  "url": "https://www.yelp.com/biz/o-connor-garage-door-villa-park-5?adjust_creative=ZV9JWrw3sQqD-WK9Y-4OGw&utm_campaign=yelp_api_v3&utm_medium=api_v3_business_search&utm_source=ZV9JWrw3sQqD-WK9Y-4OGw",
  "review_count": 7,
  "categories": [
    {
      "alias": "gutter_services",
      "title": "Gutter Services"
    },
    {
      "alias": "roofing",
      "title": "Roofing"
    }
  ],
  "rating": 4.6,
  "coordinates": {
    "latitude": 41.9685,
    "longitude": -87.69393
  },
  "transactions": [],
  "location": {
    "address1": "2603 W Lawrence Ave",
    "address2": null,
    "address3": "",
    "city": "Chicago",
    "zip_code": "60625",
    "country": "US",
    "state": "IL",
    "display_address": [
      "Chicago, IL 60625"
    ]
  },
  "phone": "+17738490690",
  "display_phone": "7738490690",
  "distance": 30065.163319444386
},{
  "_id": {
    "$oid": "6383ed888d77258682fa7c7a"
  },
  "id": "6c9kd9XDwq_nhTCxtoIYzU",
  "alias": "Bubbles Window Washing & Gutter Cleaning",
  "name": "Bubbles Window Washing & Gutter Cleaning",
  "image_url": "https://s3-media2.fl.yelpcdn.com/bphoto/3zsXQ-y5vq6aYD0lHqckzQ/o.jpg",
  "is_closed": false,
  "url": "https://www.yelp.com/biz/o-connor-garage-door-villa-park-5?adjust_creative=ZV9JWrw3sQqD-WK9Y-4OGw&utm_campaign=yelp_api_v3&utm_medium=api_v3_business_search&utm_source=ZV9JWrw3sQqD-WK9Y-4OGw",
  "review_count": 140,
  "categories": [
    {
      "alias": "gutter_services",
      "title": "Gutter Services"
    }
  ],
  "rating": 3.6,
  "coordinates": {
    "latitude": 41.95588,
    "longitude": -87.68011
  },
  "transactions": [],
  "location": {
    "address1": "2037 W Belle Plaine Ave",
    "address2": null,
    "address3": "",
    "city": "Chicago",
    "zip_code": "60618",
    "country": "US",
    "state": "IL",
    "display_address": [
      "Chicago, IL 60618"
    ]
  },
  "phone": "+17735296255",
  "display_phone": "7735296255",
  "distance": 30065.163319444386
},{
  "_id": {
    "$oid": "6383ed888d77258682fa7c7b"
  },
  "id": "eDCL0X3fuBlXTCxemCfGEA",
  "alias": "quality-way-roofing-and-masonary-construction-chicago-8",
  "name": "Quality Way Roofing & Masonary Construction",
  "image_url": "https://s3-media2.fl.yelpcdn.com/bphoto/AziSVFzQpT92JiYOEeYdAg/o.jpg",
  "is_closed": false,
  "url": "https://www.yelp.com/biz/quality-way-roofing-and-masonary-construction-chicago-8?adjust_creative=ZV9JWrw3sQqD-WK9Y-4OGw&utm_campaign=yelp_api_v3&utm_medium=api_v3_business_search&utm_source=ZV9JWrw3sQqD-WK9Y-4OGw",
  "review_count": 22,
  "categories": [
    {
      "alias": "roofing",
      "title": "Roofing"
    },
    {
      "alias": "masonry_concrete",
      "title": "Masonry/Concrete"
    }
  ],
  "rating": 5,
  "coordinates": {
    "latitude": 41.879695,
    "longitude": -87.636071
  },
  "transactions": [],
  "location": {
    "address1": "318 W Adams St",
    "address2": "Ste 1600",
    "address3": "",
    "city": "Chicago",
    "zip_code": "60606",
    "country": "US",
    "state": "IL",
    "display_address": [
      "318 W Adams St",
      "Ste 1600",
      "Chicago, IL 60606"
    ]
  },
  "phone": "+13128095100",
  "display_phone": "(312) 809-5100",
  "distance": 3111.1181176017258
},{
  "_id": {
    "$oid": "6383ed888d77258682fa7c7c"
  },
  "id": "6c9kd9XDwq_nhTCxtoIYzW",
  "alias": "Perez Roofing & Masonry",
  "name": "Perez Roofing & Masonry",
  "image_url": "https://s3-media2.fl.yelpcdn.com/bphoto/3zsXQ-y5vq6aYD0lHqckzQ/o.jpg",
  "is_closed": false,
  "url": "https://www.yelp.com/biz/o-connor-garage-door-villa-park-5?adjust_creative=ZV9JWrw3sQqD-WK9Y-4OGw&utm_campaign=yelp_api_v3&utm_medium=api_v3_business_search&utm_source=ZV9JWrw3sQqD-WK9Y-4OGw",
  "review_count": 21,
  "categories": [
    {
      "alias": "roofing",
      "title": "Roofing"
    }
  ],
  "rating": 5,
  "coordinates": {
    "latitude": 41.80392,
    "longitude": -87.67489
  },
  "transactions": [],
  "location": {
    "address1": "4926 S Damen Ave",
    "address2": null,
    "address3": "",
    "city": "Chicago",
    "zip_code": "60609",
    "country": "US",
    "state": "IL",
    "display_address": [
      "Chicago, IL 60609"
    ]
  },
  "phone": "+17734912968",
  "display_phone": "7734912968",
  "distance": 30065.163319444386
},{
  "_id": {
    "$oid": "6383ed888d77258682fa7c7d"
  },
  "id": "eDCL0X3fuBlXTCxemCfGEB",
  "alias": "Shield Masonry & Roofing",
  "name": "Shield Masonry & Roofing",
  "image_url": "https://s3-media2.fl.yelpcdn.com/bphoto/AziSVFzQpT92JiYOEeYdAg/o.jpg",
  "is_closed": false,
  "url": "https://www.yelp.com/biz/quality-way-roofing-and-masonary-construction-chicago-8?adjust_creative=ZV9JWrw3sQqD-WK9Y-4OGw&utm_campaign=yelp_api_v3&utm_medium=api_v3_business_search&utm_source=ZV9JWrw3sQqD-WK9Y-4OGw",
  "review_count": 14,
  "categories": [
    {
      "alias": "roofing",
      "title": "Roofing"
    },
    {
      "alias": "masonry_concrete",
      "title": "Masonry/Concrete"
    },
    {
      "alias": "siding",
      "title": "Siding"
    }
  ],
  "rating": 4.1,
  "coordinates": {
    "latitude": 41.91093,
    "longitude": -87.65076
  },
  "transactions": [],
  "location": {
    "address1": "1030 W North Ave",
    "address2": "",
    "address3": "",
    "city": "Chicago",
    "zip_code": "60642",
    "country": "US",
    "state": "IL",
    "display_address": [
      "Chicago, IL 60642"
    ]
  },
  "phone": "+13312616313",
  "display_phone": "3312616313",
  "distance": 3111.1181176017258
},{
  "_id": {
    "$oid": "6383ed888d77258682fa7c7e"
  },
  "id": "eDCL0X3fuBlXTCxemCfGEC",
  "alias": "Encore Roofing and Masonry",
  "name": "Encore Roofing and Masonry",
  "image_url": "https://s3-media2.fl.yelpcdn.com/bphoto/AziSVFzQpT92JiYOEeYdAg/o.jpg",
  "is_closed": false,
  "url": "https://www.yelp.com/biz/quality-way-roofing-and-masonary-construction-chicago-8?adjust_creative=ZV9JWrw3sQqD-WK9Y-4OGw&utm_campaign=yelp_api_v3&utm_medium=api_v3_business_search&utm_source=ZV9JWrw3sQqD-WK9Y-4OGw",
  "review_count": 10,
  "categories": [
    {
      "alias": "roofing",
      "title": "Roofing"
    },
    {
      "alias": "masonry_concrete",
      "title": "Masonry/Concrete"
    }
  ],
  "rating": 5,
  "coordinates": {
    "latitude": 41.86133,
    "longitude": -87.65521
  },
  "transactions": [],
  "location": {
    "address1": "1151 W 15th St",
    "address2": "",
    "address3": "",
    "city": "Chicago",
    "zip_code": "60608",
    "country": "US",
    "state": "IL",
    "display_address": [
      "Chicago, IL 60608"
    ]
  },
  "phone": "+16305567507",
  "display_phone": "6305567507",
  "distance": 3111.1181176017258
},{
  "_id": {
    "$oid": "6383ed888d77258682fa7c7f"
  },
  "id": "eDCL0X3fuBlXTCxemCfGED",
  "alias": "KG Doors & Gates",
  "name": "KG Doors & Gates",
  "image_url": "https://s3-media2.fl.yelpcdn.com/bphoto/AziSVFzQpT92JiYOEeYdAg/o.jpg",
  "is_closed": false,
  "url": "https://www.yelp.com/biz/quality-way-roofing-and-masonary-construction-chicago-8?adjust_creative=ZV9JWrw3sQqD-WK9Y-4OGw&utm_campaign=yelp_api_v3&utm_medium=api_v3_business_search&utm_source=ZV9JWrw3sQqD-WK9Y-4OGw",
  "review_count": 65,
  "categories": [
    {
      "alias": "fences_gates",
      "title": "Fences & Gates"
    },
    {
      "alias": "garage_door_services",
      "title": "Garage Door Services"
    }
  ],
  "rating": 4.5,
  "coordinates": {
    "latitude": 41.96078,
    "longitude": -87.76564
  },
  "transactions": [],
  "location": {
    "address1": "5520 W Montrose Ave",
    "address2": "",
    "address3": "",
    "city": "Chicago",
    "zip_code": "60641",
    "country": "US",
    "state": "IL",
    "display_address": [
      "Chicago, IL 60641"
    ]
  },
  "phone": "+18887907624",
  "display_phone": "8887907624",
  "distance": 3111.1181176017258
},{
  "_id": {
    "$oid": "6383ed888d77258682fa7c80"
  },
  "id": "eDCL0X3fuBlXTCxemCfGEE",
  "alias": "Americana Iron Works & Fence",
  "name": "Americana Iron Works & Fence",
  "image_url": "https://s3-media2.fl.yelpcdn.com/bphoto/AziSVFzQpT92JiYOEeYdAg/o.jpg",
  "is_closed": false,
  "url": "https://www.yelp.com/biz/quality-way-roofing-and-masonary-construction-chicago-8?adjust_creative=ZV9JWrw3sQqD-WK9Y-4OGw&utm_campaign=yelp_api_v3&utm_medium=api_v3_business_search&utm_source=ZV9JWrw3sQqD-WK9Y-4OGw",
  "review_count": 47,
  "categories": [
    {
      "alias": "fences_gates",
      "title": "Fences & Gates"
    },
    {
      "alias": "decks_railing",
      "title": "Decks & Railing"
    }
  ],
  "rating": 4.4,
  "coordinates": {
    "latitude": 41.91056,
    "longitude": -87.65169
  },
  "transactions": [],
  "location": {
    "address1": "939 W North Ave",
    "address2": "",
    "address3": "",
    "city": "Chicago",
    "zip_code": "60641",
    "country": "US",
    "state": "IL",
    "display_address": [
      "Chicago, IL 60641"
    ]
  },
  "phone": "+13127226515",
  "display_phone": "3127226515",
  "distance": 3111.1181176017258
},{
  "_id": {
    "$oid": "6383ed888d77258682fa7c81"
  },
  "id": "eDCL0X3fuBlXTCxemCfGEF",
  "alias": "Flores Fence Inc",
  "name": "Flores Fence Inc",
  "image_url": "https://s3-media2.fl.yelpcdn.com/bphoto/AziSVFzQpT92JiYOEeYdAg/o.jpg",
  "is_closed": false,
  "url": "https://www.yelp.com/biz/quality-way-roofing-and-masonary-construction-chicago-8?adjust_creative=ZV9JWrw3sQqD-WK9Y-4OGw&utm_campaign=yelp_api_v3&utm_medium=api_v3_business_search&utm_source=ZV9JWrw3sQqD-WK9Y-4OGw",
  "review_count": 135,
  "categories": [
    {
      "alias": "fences_gates",
      "title": "Fences & Gates"
    }
  ],
  "rating": 4.5,
  "coordinates": {
    "latitude": 41.91312,
    "longitude": -87.77091
  },
  "transactions": [],
  "location": {
    "address1": "5750 W Bloomingdale Ave",
    "address2": "",
    "address3": "",
    "city": "Chicago",
    "zip_code": "60639",
    "country": "US",
    "state": "IL",
    "display_address": [
      "Chicago, IL 60639"
    ]
  },
  "phone": "+17086570903",
  "display_phone": "7086570903",
  "distance": 3111.1181176017258
},{
  "_id": {
    "$oid": "6383ed888d77258682fa7c82"
  },
  "id": "eDCL0X3fuBlXTCxemCfGEG",
  "alias": "City Porches Co.",
  "name": "City Porches Co.",
  "image_url": "https://s3-media2.fl.yelpcdn.com/bphoto/AziSVFzQpT92JiYOEeYdAg/o.jpg",
  "is_closed": false,
  "url": "https://www.yelp.com/biz/quality-way-roofing-and-masonary-construction-chicago-8?adjust_creative=ZV9JWrw3sQqD-WK9Y-4OGw&utm_campaign=yelp_api_v3&utm_medium=api_v3_business_search&utm_source=ZV9JWrw3sQqD-WK9Y-4OGw",
  "review_count": 15,
  "categories": [
    {
      "alias": "decks_railing",
      "title": "Decks & Railing"
    }
  ],
  "rating": 4.3,
  "coordinates": {
    "latitude": 41.9387,
    "longitude": -87.68835
  },
  "transactions": [],
  "location": {
    "address1": "3134 N Western Ave",
    "address2": "",
    "address3": "",
    "city": "Chicago",
    "zip_code": "60618",
    "country": "US",
    "state": "IL",
    "display_address": [
      "Chicago, IL 60618"
    ]
  },
  "phone": "+17732318400",
  "display_phone": "7732318400",
  "distance": 3111.1181176017258
},{
  "_id": {
    "$oid": "6383ed888d77258682fa7c83"
  },
  "id": "eDCL0X3fuBlXTCxemCfGEH",
  "alias": "Chicago Roofing & Masonry",
  "name": "Chicago Roofing & Masonry",
  "image_url": "https://s3-media2.fl.yelpcdn.com/bphoto/AziSVFzQpT92JiYOEeYdAg/o.jpg",
  "is_closed": false,
  "url": "https://www.yelp.com/biz/quality-way-roofing-and-masonary-construction-chicago-8?adjust_creative=ZV9JWrw3sQqD-WK9Y-4OGw&utm_campaign=yelp_api_v3&utm_medium=api_v3_business_search&utm_source=ZV9JWrw3sQqD-WK9Y-4OGw",
  "review_count": 5,
  "categories": [
    {
      "alias": "decks_railing",
      "title": "Decks & Railing"
    },
    {
      "alias": "roofing",
      "title": "Roofing"
    },
    {
      "alias": "masonry_concrete",
      "title": "Masonry/Concrete"
    }
  ],
  "rating": 4.2,
  "coordinates": {
    "latitude": 41.93692,
    "longitude": -87.64802
  },
  "transactions": [],
  "location": {
    "address1": "3033 N Clark St",
    "address2": "",
    "address3": "",
    "city": "Chicago",
    "zip_code": "60657",
    "country": "US",
    "state": "IL",
    "display_address": [
      "Chicago, IL 60657"
    ]
  },
  "phone": "+13125300649",
  "display_phone": "3125300649",
  "distance": 3111.1181176017258
},{
  "_id": {
    "$oid": "6383ed888d77258682fa7c84"
  },
  "id": "vo_Su9lYf1tlJpR2Ugx0dQ",
  "alias": "himsben-design-studio-chicago",
  "name": "Himsben Design Studio",
  "image_url": "https://s3-media1.fl.yelpcdn.com/bphoto/RsdVBUOXz4PS2RiMKwULew/o.jpg",
  "is_closed": false,
  "url": "https://www.yelp.com/biz/himsben-design-studio-chicago?adjust_creative=ZV9JWrw3sQqD-WK9Y-4OGw&utm_campaign=yelp_api_v3&utm_medium=api_v3_business_search&utm_source=ZV9JWrw3sQqD-WK9Y-4OGw",
  "review_count": 6,
  "categories": [
    {
      "alias": "landscapearchitects",
      "title": "Landscape Architects or Designers"
    },
    {
      "alias": "landscaping",
      "title": "Landscaping"
    },
    {
      "alias": "interiordesign",
      "title": "Interior Design"
    }
  ],
  "rating": 5,
  "coordinates": {
    "latitude": 41.99353,
    "longitude": -87.67041
  },
  "transactions": [],
  "location": {
    "address1": "6136 N Clark St",
    "address2": null,
    "address3": null,
    "city": "Chicago",
    "zip_code": "60660",
    "country": "US",
    "state": "IL",
    "display_address": [
      "Chicago, IL 60660"
    ]
  },
  "phone": "+13127254417",
  "display_phone": "(312) 725-4417",
  "distance": 18361.779957148552
},{
  "_id": {
    "$oid": "6383ed888d77258682fa7c85"
  },
  "id": "vo_Su9lYf1tlJpR2Ugx0dR",
  "alias": "RLG Landscaping",
  "name": "RLG Landscaping",
  "image_url": "https://s3-media1.fl.yelpcdn.com/bphoto/RsdVBUOXz4PS2RiMKwULew/o.jpg",
  "is_closed": false,
  "url": "https://www.yelp.com/biz/himsben-design-studio-chicago?adjust_creative=ZV9JWrw3sQqD-WK9Y-4OGw&utm_campaign=yelp_api_v3&utm_medium=api_v3_business_search&utm_source=ZV9JWrw3sQqD-WK9Y-4OGw",
  "review_count": 58,
  "categories": [
    {
      "alias": "landscaping",
      "title": "Landscaping"
    },
    {
      "alias": "snow_removal",
      "title": "Snow Removal"
    }
  ],
  "rating": 4.1,
  "coordinates": {
    "latitude": 41.75879,
    "longitude": -87.58226
  },
  "transactions": [],
  "location": {
    "address1": "1634 S Ridgeland",
    "address2": null,
    "address3": null,
    "city": "Chicago",
    "zip_code": "60304",
    "country": "US",
    "state": "IL",
    "display_address": [
      "Chicago, IL 60304"
    ]
  },
  "phone": "+17088340271",
  "display_phone": "7088340271",
  "distance": 18361.779957148552
},{
  "_id": {
    "$oid": "6383ed888d77258682fa7c86"
  },
  "id": "vo_Su9lYf1tlJpR2Ugx0dS",
  "alias": "Bronzeville Green Landscaping",
  "name": "Bronzeville Green Landscaping",
  "image_url": "https://s3-media1.fl.yelpcdn.com/bphoto/RsdVBUOXz4PS2RiMKwULew/o.jpg",
  "is_closed": false,
  "url": "https://www.yelp.com/biz/himsben-design-studio-chicago?adjust_creative=ZV9JWrw3sQqD-WK9Y-4OGw&utm_campaign=yelp_api_v3&utm_medium=api_v3_business_search&utm_source=ZV9JWrw3sQqD-WK9Y-4OGw",
  "review_count": 7,
  "categories": [
    {
      "alias": "landscaping",
      "title": "Landscaping"
    },
    {
      "alias": "snow_removal",
      "title": "Snow Removal"
    }
  ],
  "rating": 3.1,
  "coordinates": {
    "latitude": 41.82611,
    "longitude": -87.62473
  },
  "transactions": [],
  "location": {
    "address1": "3757 S Wabash Ave",
    "address2": null,
    "address3": null,
    "city": "Chicago",
    "zip_code": "60653",
    "country": "US",
    "state": "IL",
    "display_address": [
      "Chicago, IL 60653"
    ]
  },
  "phone": "+17736754580",
  "display_phone": "7736754580",
  "distance": 18361.779957148552
},{
  "_id": {
    "$oid": "6383ed888d77258682fa7c87"
  },
  "id": "vo_Su9lYf1tlJpR2Ugx0dT",
  "alias": "Chicago Locksmiths",
  "name": "Chicago Locksmiths",
  "image_url": "https://s3-media1.fl.yelpcdn.com/bphoto/RsdVBUOXz4PS2RiMKwULew/o.jpg",
  "is_closed": false,
  "url": "https://www.yelp.com/biz/himsben-design-studio-chicago?adjust_creative=ZV9JWrw3sQqD-WK9Y-4OGw&utm_campaign=yelp_api_v3&utm_medium=api_v3_business_search&utm_source=ZV9JWrw3sQqD-WK9Y-4OGw",
  "review_count": 705,
  "categories": [
    {
      "alias": "locksmith",
      "title": "Locksmith"
    }
  ],
  "rating": 4.8,
  "coordinates": {
    "latitude": 41.9185,
    "longitude": -87.69032
  },
  "transactions": [],
  "location": {
    "address1": "2048 N Milwaukee Ave",
    "address2": null,
    "address3": null,
    "city": "Chicago",
    "zip_code": "60647",
    "country": "US",
    "state": "IL",
    "display_address": [
      "Chicago, IL 60647"
    ]
  },
  "phone": "+13126209680",
  "display_phone": "3126209680",
  "distance": 18361.779957148552
},{
  "_id": {
    "$oid": "6383ed888d77258682fa7c88"
  },
  "id": "vo_Su9lYf1tlJpR2Ugx0dU",
  "alias": "ET Locksmith",
  "name": "ET Locksmith",
  "image_url": "https://s3-media1.fl.yelpcdn.com/bphoto/RsdVBUOXz4PS2RiMKwULew/o.jpg",
  "is_closed": false,
  "url": "https://www.yelp.com/biz/himsben-design-studio-chicago?adjust_creative=ZV9JWrw3sQqD-WK9Y-4OGw&utm_campaign=yelp_api_v3&utm_medium=api_v3_business_search&utm_source=ZV9JWrw3sQqD-WK9Y-4OGw",
  "review_count": 82,
  "categories": [
    {
      "alias": "locksmith",
      "title": "Locksmith"
    }
  ],
  "rating": 4.7,
  "coordinates": {
    "latitude": 41.96557,
    "longitude": -87.65015
  },
  "transactions": [],
  "location": {
    "address1": "4600 N Clarendon Ave",
    "address2": null,
    "address3": null,
    "city": "Chicago",
    "zip_code": "60640",
    "country": "US",
    "state": "IL",
    "display_address": [
      "Chicago, IL 60640"
    ]
  },
  "phone": "+13127021096",
  "display_phone": "3127021096",
  "distance": 18361.779957148552
},{
  "_id": {
    "$oid": "6383ed888d77258682fa7c89"
  },
  "id": "vo_Su9lYf1tlJpR2Ugx0dV",
  "alias": "Nonstop Locksmith",
  "name": "Nonstop Locksmith",
  "image_url": "https://s3-media1.fl.yelpcdn.com/bphoto/RsdVBUOXz4PS2RiMKwULew/o.jpg",
  "is_closed": false,
  "url": "https://www.yelp.com/biz/himsben-design-studio-chicago?adjust_creative=ZV9JWrw3sQqD-WK9Y-4OGw&utm_campaign=yelp_api_v3&utm_medium=api_v3_business_search&utm_source=ZV9JWrw3sQqD-WK9Y-4OGw",
  "review_count": 162,
  "categories": [
    {
      "alias": "locksmith",
      "title": "Locksmith"
    }
  ],
  "rating": 4.7,
  "coordinates": {
    "latitude": 41.88166,
    "longitude": -87.66022
  },
  "transactions": [],
  "location": {
    "address1": "1310 W Madison St",
    "address2": null,
    "address3": null,
    "city": "Chicago",
    "zip_code": "60607",
    "country": "US",
    "state": "IL",
    "display_address": [
      "Chicago, IL 60607"
    ]
  },
  "phone": "+13129292230",
  "display_phone": "3129292230",
  "distance": 18361.779957148552
}]